Designator,Footprint,Quantity,Value,LCSC Part #
"C1_4, C1_3, C1_2, C1, C2_4, C2_3, C2_2, C2",0805,8,10uF,
"D1_4, D1_3, D1_2, D1, D2_4, D2_3, D2_2, D2",0805,8,LED,
"J1_4, J1_3, J1_2, J1",TYPE-C-31-M-17_handsolder,4,USB_C_Receptacle,
"J2_4, J2_3, J2_2, J2, J3_4, J3_3, J3_2, J3",PinHeader_2x03_P2.54mm_Vertical,8,Conn_02x03_Counter_Clockwise,
"J4_4, J4_3, J4_2, J4, J5_4, J5_3, J5_2, J5",PinHeader_1x02_P2.54mm_Vertical,8,Conn_01x02,
"R1_4, R1_3, R1_2, R1, R2_4, R2_3, R2_2, R2",0805,8,5.1k,
"R3_4, R3_3, R3_2, R3, R4_4, R4_3, R4_2, R4",0805,8,10R,
"R5_4, R5_3, R5_2, R5",0805,4,470R,
"R6_4, R6_3, R6_2, R6",0805,4,330R,
"U1_4, U1_3, U1_2, U1",SOT-223-3_TabPin2,4,AMS1117-3.3,
