Designator,Footprint,Quantity,Value,LCSC Part #
"C1_15, C1_14, C1_13, C1_12, C1_11, C1_10, C1_9, C1_8, C1_7, C1_6, C1_5, C1_4, C1_3, C1_2, C1",0805,15,C,
"J1_15, J1_14, J1_13, J1_12, J1_11, J1_10, J1_9, J1_8, J1_7, J1_6, J1_5, J1_4, J1_3, J1_2, J1, J2_15, J2_14, J2_13, J2_12, J2_11, J2_10, J2_9, J2_8, J2_7, J2_6, J2_5, J2_4, J2_3, J2_2, J2",PinHeader_1x03_P2.54mm_Vertical_no_silk,30,Conn_01x03,
"JP1_15, JP1_14, JP1_13, JP1_12, JP1_11, JP1_10, JP1_9, JP1_8, JP1_7, JP1_6, JP1_5, JP1_4, JP1_3, JP1_2, JP1",SolderJumper-2_P1.3mm_Bridged_RoundedPad1.0x1.5mm,15,SolderJumper_2_Bridged,
"R1_15, R1_14, R1_13, R1_12, R1_11, R1_10, R1_9, R1_8, R1_7, R1_6, R1_5, R1_4, R1_3, R1_2, R1",0805,15,1uF,
"RV1_15, RV1_14, RV1_13, RV1_12, RV1_11, RV1_10, RV1_9, RV1_8, RV1_7, RV1_6, RV1_5, RV1_4, RV1_3, RV1_2, RV1",Potentiometer_Alpha_RD901F-40-00D_Single_Vertical,15,R_Potentiometer_MountingPin,
